BEGIN;
INSERT INTO tenants(id,code,name) VALUES('11111111-1111-1111-1111-111111111111','HQ','Kopi Nusantara HQ');
INSERT INTO tenants(id,code,name) VALUES('22222222-2222-2222-2222-222222222222','BR1','Kopi Nusantara BR1');
INSERT INTO tenants(id,code,name) VALUES('33333333-3333-3333-3333-333333333333','BR2','Kopi Nusantara BR2');
INSERT INTO orders(id,tenant_id,order_date,total,payment_method) VALUES('8e3bd336-18b2-4e2d-a9e7-1266a2b85437','11111111-1111-1111-1111-111111111111','2025-11-04',0,'cash');
INSERT INTO order_details(id,order_id,product_name,qty,price,subtotal) VALUES('ed81e04b-3b76-464e-9efe-6f2de6a95d89','8e3bd336-18b2-4e2d-a9e7-1266a2b85437','Matcha',3,35101,105303);
INSERT INTO order_details(id,order_id,product_name,qty,price,subtotal) VALUES('e686d96e-79b0-451e-8ac3-f94cd2692614','8e3bd336-18b2-4e2d-a9e7-1266a2b85437','Brownies',3,38044,114132);
INSERT INTO order_details(id,order_id,product_name,qty,price,subtotal) VALUES('f63c0f02-3f5d-478e-93e2-d5ab26a2e4c7','8e3bd336-18b2-4e2d-a9e7-1266a2b85437','Matcha',1,38698,38698);
INSERT INTO order_details(id,order_id,product_name,qty,price,subtotal) VALUES('9f13d431-a028-4ac0-b61e-2bca2fffd2d6','8e3bd336-18b2-4e2d-a9e7-1266a2b85437','Brownies',1,26775,26775);
INSERT INTO order_details(id,order_id,product_name,qty,price,subtotal) VALUES('6f335f25-9ec2-4873-8d5c-3ea38fd82e38','8e3bd336-18b2-4e2d-a9e7-1266a2b85437','Latte',2,32476,64952);
UPDATE orders SET total=349860 WHERE id='8e3bd336-18b2-4e2d-a9e7-1266a2b85437';
INSERT INTO orders(id,tenant_id,order_date,total,payment_method) VALUES('b8b747c5-f96e-45b3-9c16-7ea01a5a06da','11111111-1111-1111-1111-111111111111','2025-11-04',0,'cash');
INSERT INTO order_details(id,order_id,product_name,qty,price,subtotal) VALUES('3c1b262f-1e8d-41fd-8d91-2ba2f0ea865b','b8b747c5-f96e-45b3-9c16-7ea01a5a06da','Latte',1,31068,31068);
UPDATE orders SET total=31068 WHERE id='b8b747c5-f96e-45b3-9c16-7ea01a5a06da';
INSERT INTO orders(id,tenant_id,order_date,total,payment_method) VALUES('67e2bf2a-7962-49fb-a12a-9de673a3863e','11111111-1111-1111-1111-111111111111','2025-11-04',0,'cash');
INSERT INTO order_details(id,order_id,product_name,qty,price,subtotal) VALUES('760de732-ce76-4914-a168-0c463a0ee5a6','67e2bf2a-7962-49fb-a12a-9de673a3863e','Matcha',2,30800,61600);
UPDATE orders SET total=61600 WHERE id='67e2bf2a-7962-49fb-a12a-9de673a3863e';
INSERT INTO orders(id,tenant_id,order_date,total,payment_method) VALUES('02a65f18-a37c-49a5-bbab-ec4244d719c0','11111111-1111-1111-1111-111111111111','2025-11-04',0,'cash');
INSERT INTO order_details(id,order_id,product_name,qty,price,subtotal) VALUES('a3cf3f42-b919-4e61-9acf-862b334d7bb2','02a65f18-a37c-49a5-bbab-ec4244d719c0','Espresso',1,37231,37231);
UPDATE orders SET total=37231 WHERE id='02a65f18-a37c-49a5-bbab-ec4244d719c0';
INSERT INTO orders(id,tenant_id,order_date,total,payment_method) VALUES('a43c1f5f-2d1d-4cfb-a4c8-c0e76d8c40d8','11111111-1111-1111-1111-111111111111','2025-11-04',0,'cash');
INSERT INTO order_details(id,order_id,product_name,qty,price,subtotal) VALUES('e52d543b-f857-407c-9f41-9816396a0a52','a43c1f5f-2d1d-4cfb-a4c8-c0e76d8c40d8','Brownies',2,32000,64000);
INSERT INTO order_details(id,order_id,product_name,qty,price,subtotal) VALUES('4dd35f6c-2655-4738-bf9d-0a8da666ddee','a43c1f5f-2d1d-4cfb-a4c8-c0e76d8c40d8','Cappuccino',1,25347,25347);
INSERT INTO order_details(id,order_id,product_name,qty,price,subtotal) VALUES('f6d012ce-55d9-470f-b42f-1d7313755609','a43c1f5f-2d1d-4cfb-a4c8-c0e76d8c40d8','Brownies',2,39017,78034);
UPDATE orders SET total=167381 WHERE id='a43c1f5f-2d1d-4cfb-a4c8-c0e76d8c40d8';
INSERT INTO orders(id,tenant_id,order_date,total,payment_method) VALUES('f33072eb-6126-43de-8502-825fa495abb6','11111111-1111-1111-1111-111111111111','2025-11-04',0,'cash');
INSERT INTO order_details(id,order_id,product_name,qty,price,subtotal) VALUES('d67a5254-bf04-4468-b67c-5e20d6af54ad','f33072eb-6126-43de-8502-825fa495abb6','Matcha',1,31238,31238);
INSERT INTO order_details(id,order_id,product_name,qty,price,subtotal) VALUES('48e04aaf-5dd0-4bb0-9b2a-1e3c4bf267d7','f33072eb-6126-43de-8502-825fa495abb6','Brownies',3,39384,118152);
INSERT INTO order_details(id,order_id,product_name,qty,price,subtotal) VALUES('16adde20-9373-4e12-80b2-c692d769fe18','f33072eb-6126-43de-8502-825fa495abb6','Croissant',1,30588,30588);
INSERT INTO order_details(id,order_id,product_name,qty,price,subtotal) VALUES('c376d0d9-3603-495e-a669-3c08ee88ef0f','f33072eb-6126-43de-8502-825fa495abb6','Cappuccino',3,27285,81855);
...
INSERT INTO order_details(id,order_id,product_name,qty,price,subtotal) VALUES('8157c422-6ad5-4b3c-a679-45725e7b9ab1','649d55b5-64d2-409a-bfe2-b735e7ac77db','Brownies',2,22082,44164);
INSERT INTO order_details(id,order_id,product_name,qty,price,subtotal) VALUES('cbbb56ff-83fe-4581-a221-1f09fae39ef6','649d55b5-64d2-409a-bfe2-b735e7ac77db','Latte',1,37379,37379);
INSERT INTO order_details(id,order_id,product_name,qty,price,subtotal) VALUES('e60ec8c2-9add-4333-a797-ad3a6542b901','649d55b5-64d2-409a-bfe2-b735e7ac77db','Brownies',3,20553,61659);
UPDATE orders SET total=272587 WHERE id='649d55b5-64d2-409a-bfe2-b735e7ac77db';
COMMIT;